repeat,model,n,mae,rmse,r2,pearson_r
1,intercept_only,210,24.18437188208617,27.75413754215066,-0.014280072852474568,-0.15933234505955465
1,clinical_only,210,24.184296493184323,27.7571004500904,-0.014496644445684437,-0.16211218277598416
1,lesion_standard,210,16.73845184519634,20.77899766716456,0.43147232616936215,0.6594287622011494
1,lesion_plus_mass_effect,210,16.000613198972573,19.990141010638787,0.4738202430105021,0.6886059776781448
1,lesion_plus_uncertainty,210,16.2746123175031,20.67283185249479,0.43726702435412856,0.6658802923093867
1,lesion_uncertainty_plus_mass_effect,210,15.67054242055019,19.898674304981583,0.4786243934239358,0.6925659180085222
1,lesion_plus_hodge,210,16.827660133226598,20.778804943351254,0.4314828722327386,0.6591811991289654
1,lesion_plus_mass_effect_plus_hodge,210,16.052262484165656,19.97300117608427,0.4747221643749048,0.6892154616915855
2,intercept_only,210,24.315874149659862,27.830855265159375,-0.01989514937195902,-0.18806688820480374
2,clinical_only,210,24.336950782203314,27.91589689271785,-0.02613757754874113,-0.15706108803612356
2,lesion_standard,210,16.282268062020705,20.114206612564622,0.4672686748482774,0.6838832526755744
2,lesion_plus_mass_effect,210,15.654166620105201,19.540307346755284,0.49723480911209805,0.7051620881186244
2,lesion_plus_uncertainty,210,15.167905681693512,19.444833411401948,0.5021358277212569,0.7087266632478549
2,lesion_uncertainty_plus_mass_effect,210,15.208466696255122,19.10560111743714,0.5193556588288211,0.7208781893355414
2,lesion_plus_hodge,210,16.435722601537332,20.228133912309453,0.46121678080634665,0.6794803970581158
2,lesion_plus_mass_effect_plus_hodge,210,15.881393662371249,19.672021993615093,0.4904340227204629,0.7004445548587799
3,intercept_only,210,24.090582766439912,27.670257252560965,-0.008158496066227316,-0.12043252470419286
3,clinical_only,210,24.111225344562165,27.80268143925361,-0.017831267117508043,-0.11499491916301818
3,lesion_standard,210,16.161741612969433,20.069773825590847,0.4696197089520546,0.6854421089429639
3,lesion_plus_mass_effect,210,15.377601746994939,19.31688065524828,0.5086664571271504,0.7133839676705575
3,lesion_plus_uncertainty,210,15.965299286337883,20.31527588813512,0.4565646695265907,0.679168721671339
3,lesion_uncertainty_plus_mass_effect,210,15.223026889087249,19.182435357317072,0.5154820093905863,0.7180185029796889
3,lesion_plus_hodge,210,16.17206599228617,19.974207151083306,0.4746587296355459,0.6890299660972541
3,lesion_plus_mass_effect_plus_hodge,210,15.496262469916461,19.315503540595405,0.5087365096904968,0.7134423943711078
4,intercept_only,210,24.059648526077094,27.596454398191696,-0.0027876932931800713,-0.07039814761679238
4,clinical_only,210,24.082453539203318,27.6900641052693,-0.009602327508570818,-0.07668575866917687
4,lesion_standard,210,16.521757436482535,20.681485487860304,0.436795806357678,0.6625765246456536
4,lesion_plus_mass_effect,210,15.690820335064204,19.90811199964432,0.4781297121612559,0.6922228758548771
4,lesion_plus_uncertainty,210,15.947040410503712,20.548563496058293,0.4440120819706521,0.6727476107693525
4,lesion_uncertainty_plus_mass_effect,210,15.324663599178031,19.525333551887012,0.49800505476089385,0.7062486157185507
4,lesion_plus_hodge,210,16.65526069940593,20.736635895546716,0.4337880576801699,0.6605075061564049
4,lesion_plus_mass_effect_plus_hodge,210,15.86169693669799,19.942972566092706,0.4763004455569094,0.6913498238033721
5,intercept_only,210,24.04575396825397,27.58951390741403,-0.0022833557837786955,-0.06371262960483098
5,clinical_only,210,24.142315393139377,27.762574726928882,-0.01489684353272791,-0.07580795963655175
5,lesion_standard,210,16.366432734340652,20.343853625883433,0.45503468040243744,0.6756988617329314
5,lesion_plus_mass_effect,210,15.636484486826769,19.65659741954976,0.49123279742316894,0.7017292599533953
5,lesion_plus_uncertainty,210,15.614425571956174,19.974363385318178,0.4746505113756876,0.6917093857608859
5,lesion_uncertainty_plus_mass_effect,210,15.188456062977327,19.321420544848554,0.5084354817226557,0.713228448469106
5,lesion_plus_hodge,210,16.431859679404948,20.314266760297823,0.45661865669392665,0.6771190751696069
5,lesion_plus_mass_effect_plus_hodge,210,15.605487982174948,19.613486062334868,0.49346203287261214,0.7025849396055595
6,intercept_only,210,24.194666666666663,27.705968904795853,-0.010762464528966342,-0.1383230648652562
6,clinical_only,210,24.22603929439912,27.794492823966287,-0.017231799666196812,-0.1554897983060099
6,lesion_standard,210,16.25903003575749,20.20455860173698,0.46247192177791174,0.6806029617083302
6,lesion_plus_mass_effect,210,15.306058187492443,19.250830706932366,0.5120207329442259,0.7157300623756851
6,lesion_plus_uncertainty,210,15.780900864468931,20.148980036000545,0.46542511171769996,0.6874410368443663
6,lesion_uncertainty_plus_mass_effect,210,15.116669499043795,18.9857236555853,0.5253683103935489,0.724872503209782
6,lesion_plus_hodge,210,16.352216582770023,20.250992437251163,0.4599984036340362,0.6789517939285529
6,lesion_plus_mass_effect_plus_hodge,210,15.544857057318062,19.373509172715597,0.5057814910012108,0.7112172627358107
7,intercept_only,210,24.275105442176873,27.817933687410864,-0.018948315723761988,-0.18353717503552602
7,clinical_only,210,24.332268716189787,27.929303885327233,-0.027123447540015944,-0.1537492246100741
7,lesion_standard,210,16.35138781205083,20.267879700218444,0.45909741557539285,0.6785003044637378
7,lesion_plus_mass_effect,210,15.601128097000423,19.333258015094664,0.5078329729325202,0.7127927081886318
7,lesion_plus_uncertainty,210,15.530040775849976,19.85375054800762,0.48097587789563756,0.6982596926658468
7,lesion_uncertainty_plus_mass_effect,210,15.241735360827326,19.08790546949151,0.5202455941076695,0.7217833117216977
7,lesion_plus_hodge,210,16.493371980467973,20.290045472647094,0.4579136627720749,0.6782135791610022
7,lesion_plus_mass_effect_plus_hodge,210,15.74478177089583,19.4034787737541,0.5042512583869153,0.7102399747932195
8,intercept_only,210,24.073650793650796,27.601619604477005,-0.003163110363269883,-0.07498871456745786
8,clinical_only,210,24.171769720657245,27.729950600852206,-0.012513010703267602,-0.09446070976873461
8,lesion_standard,210,16.1939940951439,20.174548310015965,0.4640675413214249,0.6816317636748439
8,lesion_plus_mass_effect,210,15.288129328381194,19.173214902603995,0.5159476856628733,0.7184116118252273
8,lesion_plus_uncertainty,210,15.920021901813323,20.278714273591653,0.4585189618612857,0.6785084187884182
8,lesion_uncertainty_plus_mass_effect,210,14.975091376405404,18.925140939825017,0.5283925406043131,0.7270576577341026
8,lesion_plus_hodge,210,16.39589907520742,20.27233059912467,0.4588598212038938,0.6783627672768303
8,lesion_plus_mass_effect_plus_hodge,210,15.509843428035238,19.317599722735945,0.5086298768367417,0.7134408250632669
9,intercept_only,210,24.050493197278914,27.590626244722387,-0.0023641763193194,-0.06483039505690714
9,clinical_only,210,24.229946897686844,27.862106041651906,-0.02218687987018919,-0.11243353948010944
9,lesion_standard,210,16.444314111691043,20.41418440606512,0.4512601656592945,0.6728353934134462
9,lesion_plus_mass_effect,210,15.452226183859798,19.380162046717007,0.5054420028902866,0.7110206344151598
9,lesion_plus_uncertainty,210,15.840455913868421,20.532970367241965,0.4448555766314356,0.6740887783987166
9,lesion_uncertainty_plus_mass_effect,210,15.30494107910051,19.31792735494818,0.5086132091297806,0.7137508015684164
9,lesion_plus_hodge,210,16.408888279574573,20.370565242105048,0.4536026546519929,0.6748183316851684
9,lesion_plus_mass_effect_plus_hodge,210,15.718426607163517,19.515205638109006,0.4985256955904631,0.7064028610265534
10,intercept_only,210,24.150385487528343,27.70234636224742,-0.010498168364120541,-0.13661409306913663
10,clinical_only,210,24.208434363700267,27.898924062661905,-0.02489017617079403,-0.14503288548414098
10,lesion_standard,210,16.640357319929876,20.50346125968807,0.4464500897078234,0.6705417669761962
10,lesion_plus_mass_effect,210,15.62240517748886,19.54792985969698,0.4968424834861851,0.7058496896570192
10,lesion_plus_uncertainty,210,15.864046022629806,20.025017106579174,0.4719826267643249,0.6888881495513764
10,lesion_uncertainty_plus_mass_effect,210,15.545264320369188,19.473735101452085,0.500654734078561,0.7090077940709374
10,lesion_plus_hodge,210,16.99311143036138,20.994808149183044,0.41960155319996995,0.656267307509309
10,lesion_plus_mass_effect_plus_hodge,210,15.825725978966533,19.80169259453916,0.48369414618655715,0.6965252849170223
11,intercept_only,210,24.14885260770975,27.63777995906617,-0.005793281760423152,-0.10148481449993234
11,clinical_only,210,24.324549723248865,27.83397400058967,-0.02012374179767229,-0.11302860654903935
11,lesion_standard,210,16.249722301742302,20.075890673739902,0.4692963620005146,0.6851899627542409
11,lesion_plus_mass_effect,210,15.66587593301294,19.578462164143765,0.4952694723148098,0.7038838591509838
11,lesion_plus_uncertainty,210,16.07599783345275,20.751465440725127,0.4329779293636429,0.6689026340332269
11,lesion_uncertainty_plus_mass_effect,210,15.14590475142168,19.15871127659301,0.5166797338279854,0.718808450722324
11,lesion_plus_hodge,210,16.260321891366917,20.09471026445959,0.4683009086246137,0.6847576821934275
11,lesion_plus_mass_effect_plus_hodge,210,15.859677977701189,19.69252696447564,0.48937118525069767,0.6996838592399945
12,intercept_only,210,24.199293650793653,27.69873468974167,-0.010234699667432956,-0.13488892330725846
12,clinical_only,210,24.41814008290053,27.917068321631675,-0.0262236985466191,-0.13928152365680196
12,lesion_standard,210,16.316572340250435,20.16743812706374,0.4644452356603914,0.6818296532216753
12,lesion_plus_mass_effect,210,15.466191889971773,19.306730399483,0.5091826741020722,0.713628891011455
12,lesion_plus_uncertainty,210,15.192971283049008,19.550792818505563,0.49669508938947704,0.7064278675200258
12,lesion_uncertainty_plus_mass_effect,210,14.941765303274732,18.90184710216236,0.5295527736407672,0.7277335540332571
12,lesion_plus_hodge,210,16.473418991155217,20.265536162283073,0.45922249550067984,0.6785491200863845
12,lesion_plus_mass_effect_plus_hodge,210,15.802727544403837,19.53404019772681,0.4975572604459534,0.7056019044937686
13,intercept_only,210,24.05541723356009,27.5832174666165,-0.0018259285373145584,-0.05697451340247022
13,clinical_only,210,24.138163395707913,27.747724192859852,-0.013811372947450051,-0.0655325470585587
13,lesion_standard,210,16.50640339652417,20.52233997951726,0.4454302497267739,0.6695951799411324
13,lesion_plus_mass_effect,210,15.70031188775106,19.62841433391366,0.4926906642317491,0.7024646697297181
13,lesion_plus_uncertainty,210,15.657788272127233,19.752396015554897,0.4862616469690195,0.698806484360342
13,lesion_uncertainty_plus_mass_effect,210,15.234123387215377,19.160269050231335,0.5166011341594045,0.7189957387604687
13,lesion_plus_hodge,210,16.860080850755892,20.74187460233107,0.43350193672620474,0.6625388726369614
13,lesion_plus_mass_effect_plus_hodge,210,15.884137611021393,19.76770190675242,0.4854651593036945,0.697139022561505
14,intercept_only,210,24.164658730158738,27.708203393588217,-0.010925507264061496,-0.13936686846233598
14,clinical_only,210,24.27524611710763,27.806023574291316,-0.01807598696635737,-0.16630688456154638
14,lesion_standard,210,16.293509181751624,20.229848196499372,0.46112545585308773,0.6791582224855152
14,lesion_plus_mass_effect,210,15.294607548034747,19.288999336776588,0.5100837812673916,0.7143210436809714
14,lesion_plus_uncertainty,210,15.430969954457218,20.007523295587628,0.47290477343229065,0.6905742492446366
14,lesion_uncertainty_plus_mass_effect,210,15.226536296767744,19.14254938168001,0.5174948279626941,0.7194186295574814
14,lesion_plus_hodge,210,16.646899736239934,20.52114624820218,0.4454947636198614,0.6679894523722749
14,lesion_plus_mass_effect_plus_hodge,210,15.605165296783035,19.471243351066857,0.5007825127660082,0.7082659056972755
15,intercept_only,210,24.102361678004534,27.62513378293295,-0.004873053796629057,-0.09307634903434273
15,clinical_only,210,24.36953366567267,27.96499360072595,-0.029750162862990814,-0.1592077516322455
15,lesion_standard,210,16.62884797044233,20.545223985625185,0.44419278332016765,0.6671981298765522
15,lesion_plus_mass_effect,210,15.81458078461017,19.87456514972001,0.4798870213176304,0.6929872882282986
15,lesion_plus_uncertainty,210,15.9048922795508,20.312634207722894,0.4567059906819938,0.6777673185227089
15,lesion_uncertainty_plus_mass_effect,210,15.335648263801554,19.44028100045175,0.5023689196637805,0.708800190583133
15,lesion_plus_hodge,210,16.72246674488709,20.80263061781041,0.4301783631623216,0.6577649840635545
15,lesion_plus_mass_effect_plus_hodge,210,16.00083693791936,19.947984058194624,0.4760372103816126,0.6900465700489522
16,intercept_only,210,24.050807256235828,27.612061296197055,-0.003922247065141438,-0.08350379435308611
16,clinical_only,210,24.073824400005947,27.688220025535426,-0.009467858683256392,-0.09311044003245225
16,lesion_standard,210,16.506992348285312,20.377387891717863,0.4532365870563658,0.6753117304627384
16,lesion_plus_mass_effect,210,15.44284653060599,19.32214089870262,0.5083988273788054,0.7135601315653715
16,lesion_plus_uncertainty,210,15.625268511091315,20.209978827912536,0.46218348047919655,0.6876801429854045
16,lesion_uncertainty_plus_mass_effect,210,15.379326881893855,19.400379448581894,0.5044096180151127,0.7120096717107959
16,lesion_plus_hodge,210,16.80032746488755,20.823113612491397,0.4290556782548878,0.6620169261525505
16,lesion_plus_mass_effect_plus_hodge,210,15.805869751826656,19.73816927391947,0.4870014246351524,0.7004498932065572
17,intercept_only,210,24.224968253968257,27.806351084915768,-0.01809996973145722,-0.179381503971383
17,clinical_only,210,24.246548022173055,27.891190417981765,-0.024322051187234184,-0.1911627206091694
17,lesion_standard,210,16.561186151327366,20.517207987169904,0.44570757598330846,0.668208844884531
17,lesion_plus_mass_effect,210,16.05692037802435,19.988267710534576,0.4739188562626906,0.6885060916851573
17,lesion_plus_uncertainty,210,15.685067592497784,19.90744591934587,0.4781646327707041,0.6930746032388271
17,lesion_uncertainty_plus_mass_effect,210,15.837704502697541,19.705934488252044,0.4886756322010921,0.699175912132881
17,lesion_plus_hodge,210,16.545486910823165,20.457836408279576,0.44891089691786035,0.6708976871201621
17,lesion_plus_mass_effect_plus_hodge,210,16.265142801687265,20.040431108617145,0.47116944461161214,0.6868022618575002
18,intercept_only,210,24.10978458049887,27.70516835844607,-0.01070405469575375,-0.13794720211091074
18,clinical_only,210,24.222895292103935,27.88645429127188,-0.023974206074934834,-0.14995939609706244
18,lesion_standard,210,16.623065706884745,20.71075213018361,0.4352006831811702,0.6633713055096211
18,lesion_plus_mass_effect,210,16.039128619346187,20.086415108913343,0.4687397919197227,0.686562703679563
18,lesion_plus_uncertainty,210,15.865875483592658,20.727656581771818,0.4342783101924558,0.6732811944853433
18,lesion_uncertainty_plus_mass_effect,210,15.456478349404083,19.64018545447379,0.4920820170095086,0.7025472417812018
18,lesion_plus_hodge,210,16.511839522851684,20.510758889223556,0.44605597858533064,0.6703765970959223
18,lesion_plus_mass_effect_plus_hodge,210,15.954343368655389,19.875926781746514,0.4798157516577639,0.6931325381098931
19,intercept_only,210,24.1103514739229,27.614644858436915,-0.0041101227128796936,-0.08548031833642834
19,clinical_only,210,24.265163217375665,27.841152386052382,-0.02064998973618115,-0.17149714435966762
19,lesion_standard,210,16.265601418066023,20.1483590145818,0.4654580639901085,0.6826837289208992
19,lesion_plus_mass_effect,210,15.599935338394342,19.580605875458648,0.4951589369959677,0.7037525210174205
19,lesion_plus_uncertainty,210,15.620048775173801,19.67011683722361,0.4905327167814628,0.7003859993868106
19,lesion_uncertainty_plus_mass_effect,210,15.271151272285897,19.240747042567104,0.512531810154431,0.7159696602667568
19,lesion_plus_hodge,210,16.274624646176722,20.114442119882614,0.4672561997989254,0.6844478862821807
19,lesion_plus_mass_effect_plus_hodge,210,15.64266642654556,19.56332532807968,0.4960496224407238,0.7044234575825044
20,intercept_only,210,24.153938775510202,27.76567399951588,-0.015123452020398886,-0.16396992689256729
20,clinical_only,210,24.23967851500483,27.949474227157037,-0.028607545540669133,-0.13581247766297636
20,lesion_standard,210,16.54463608818747,20.349877726221717,0.45471188887171776,0.6750458465316672
20,lesion_plus_mass_effect,210,15.47193637867417,19.27937056919415,0.5105727762560957,0.7145950707089406
20,lesion_plus_uncertainty,210,15.256093697063607,19.426003541021878,0.5030995982526174,0.7100813795382095
20,lesion_uncertainty_plus_mass_effect,210,15.1570714976561,19.07830648066353,0.520727993736207,0.7217522368427645
20,lesion_plus_hodge,210,16.598918363077225,20.458222002988776,0.4488901225758618,0.6711549144591221
20,lesion_plus_mass_effect_plus_hodge,210,15.544652174681792,19.355425447265617,0.5067036926108914,0.7118804150444951
