model,n,mae_mean,mae_sd_across_repeats,mae_p025_across_repeats,mae_p975_across_repeats,rmse_mean,rmse_sd_across_repeats,rmse_p025_across_repeats,rmse_p975_across_repeats,r2_mean,r2_sd_across_repeats,r2_p025_across_repeats,r2_p975_across_repeats,pearson_r_mean,pearson_r_sd_across_repeats,pearson_r_p025_across_repeats,pearson_r_p975_across_repeats
intercept_only,210,24.138048356009072,0.07756250429806706,24.04800510204082,24.29650901360544,27.680834102929374,0.08142288744591544,27.586208275995325,27.824717515728832,-0.008937665995927501,0.005939438322595304,-0.01944540338906543,-0.0020432064793850244,-0.1188155096077587,0.04318940744171997,-0.18591527444939682,-0.06017511859859159
clinical_only,210,24.229972148811342,0.09507782675729491,24.077923241124697,24.395052034717295,27.83346850334083,0.08548169423623934,27.689095963409017,27.957621898280717,-0.02009582942235306,0.006264003848639814,-0.029207419634888016,-0.009531731375280744,-0.1316363779074722,0.0360431366895501,-0.18182157189065604,-0.07041336803310541
lesion_standard,210,16.42281359845223,0.16950013122934424,16.177061542002306,16.69185694569477,20.359863760455436,0.2179707239909239,20.07267932846165,20.746581037098608,0.45411716082076314,0.011711355421221235,0.433243295749971,0.46946611915007314,0.6749367152511699,0.00793290330866848,0.6609239493622889,0.6853223395033204
lesion_plus_mass_effect,210,16.044985138623314,0.295641412936999,15.62103995064394,16.606034316849218,20.325716340089166,0.479938142887148,19.742986457955883,21.17111556374285,0.455717824709004,0.025882701490394292,0.4098033891454321,0.48674339103195,0.6772528889089722,0.016793908365639695,0.6466601048939458,0.6977251358535708
lesion_plus_mass_effect_and_registration_qc,210,15.996176910222403,0.30370988019516876,15.55296077632722,16.578851766480714,20.4024653196332,0.45729846870084834,19.842397650949206,21.248871898375892,0.45162841779697543,0.02473094962526435,0.4054250223158974,0.48156928556093354,0.6744629743576048,0.016077916811101777,0.6433403164225298,0.69411680506097
lesion_plus_uncertainty,210,15.710986121434052,0.29302998868459046,15.179811842337372,16.180270437579182,20.10556569251006,0.4161847652094572,19.43494772945241,20.740156232722306,0.4675096219065781,0.022029715015532893,0.433595610257329,0.5026418072502211,0.6876200311661539,0.013467812347127918,0.6673159046282108,0.7094378893002911
lesion_uncertainty_plus_mass_effect,210,15.77104673729507,0.31862846694247704,15.229161433267803,16.211806238581822,19.993336354912095,0.4407636887968071,19.314439539628,20.730101254220944,0.4734089965438186,0.023224177878150766,0.43414223696931553,0.5087802207733972,0.6894302032154467,0.015489358867029089,0.6632454159964165,0.7133888157366243
lesion_plus_hodge,210,16.478987019302544,0.22386995259987424,16.134239571222405,16.809384611142477,20.495933180725384,0.24440257656678235,20.049936024766716,20.859830138925393,0.44678177924961987,0.013159864052953925,0.42703260340869437,0.4706666867624845,0.6697834883852887,0.009123060914412172,0.6558511721969853,0.6861801529032036
lesion_plus_mass_effect_plus_hodge,210,16.121842001408588,0.2451194015604713,15.7139911620657,16.51131605167381,20.35497998342218,0.3875060994032135,19.816521681456816,21.013693716530067,0.4542505801903494,0.0208243277064322,0.4185568764494865,0.4829078676424953,0.6755285725257767,0.013699172886168358,0.6537132215273794,0.6950885547655176
